web-scraper-order,web-scraper-start-url,Daftar singgah di canggu,Daftar singgah di canggu-href,Nama vila,Lokasi,Ratting,Fasilitas,Nilai Kebersihan,Nilai Keakuratan,Nilai Check in,Nilai Komunikasi,Nilai Lokasi,Nilai ekonomis,Harga,Minimum menginap,Source_Location,Daftar sinngah dibingin,Daftar sinngah dibingin-href,daftar singgah di jimbaran,daftar singgah di jimbaran-href,Daftar singgah di ungasan,Daftar singgah di ungasan-href,daftar singgah di sidemen dan kintamani,daftar singgah di sidemen dan kintamani-href,daftar singgah di uluwatu,daftar singgah di uluwatu-href,Daftar singgah di pererenan,Daftar singgah di pererenan-href,Daftar singgah di seminyak,Daftar singgah di seminyak-href,Daftar singgah diubud,Daftar singgah diubud-href,daftar singgah di nusa dua,daftar singgah di nusa dua-href
1750279954-1,https://www.airbnb.co.id/wishlists/v/1606477197?view_only_token=b4fbb9f1-80d3-46c3-bf61-3f30803410b8&_set_bev_on_new_domain=1749222555_EANTRkYzY5NzEwZm,,https://www.airbnb.co.id/rooms/1101893877784981390?adults=1&children=0&infants=0&pets=0&wishlist_item_id=11004044504933&source_impression_id=p3_1750279922_P3SPTNYaqjWIbPFC&previous_page_section_name=1000,Canggu Poolside: Zen & Serenity Room,"Kecamatan Kuta Utara, Bali, Indonesia",4.83,2 tamu ·  · 1 kamar tidur ·  · 1 tempat tidur ·  · 1 kamar mandi pribadi,4.7,4.8,4.8,4.8,4.6,4.8,¥ 4.855,untuk 1 malam,2. Canggu,,,,,,,,,,,,,,,,,,
1750279974-2,https://www.airbnb.co.id/wishlists/v/1606477197?view_only_token=b4fbb9f1-80d3-46c3-bf61-3f30803410b8&_set_bev_on_new_domain=1749222555_EANTRkYzY5NzEwZm,,https://www.airbnb.co.id/rooms/1161234420294177804?adults=1&children=0&infants=0&pets=0&wishlist_item_id=11004044505764&source_impression_id=p3_1750279922_P3WkFs4cJap6emVC&previous_page_section_name=1000,Vila Canggu Cerah & Lapang Dengan Kolam Renang & Atap,"Kuta Utara, Bali, Indonesia",4.9,6 tamu ·  · 3 kamar tidur ·  · 3 tempat tidur ·  · 4 kamar mandi,4.9,4.9,5.0,4.9,4.8,4.8,¥ 27.219,untuk 1 malam,2. Canggu,,,,,,,,,,,,,,,,,,
1750279994-3,https://www.airbnb.co.id/wishlists/v/1606477197?view_only_token=b4fbb9f1-80d3-46c3-bf61-3f30803410b8&_set_bev_on_new_domain=1749222555_EANTRkYzY5NzEwZm,,https://www.airbnb.co.id/rooms/41939525?adults=1&children=0&infants=0&pets=0&wishlist_item_id=11004044506944&source_impression_id=p3_1750279922_P3-VBtbapJwyIjgY&previous_page_section_name=1000,Central Canggu Relaxing Room dengan Kolam renang & Wi - Fi Cepat,"Kuta Utara, Bali, Indonesia",4.76,2 tamu ·  · 1 kamar tidur ·  · 1 tempat tidur ·  · 1 kamar mandi pribadi,4.7,4.8,4.8,4.8,4.9,4.7,¥ 7.790,untuk 2 malam,2. Canggu,,,,,,,,,,,,,,,,,,
1750280015-4,https://www.airbnb.co.id/wishlists/v/1606477197?view_only_token=b4fbb9f1-80d3-46c3-bf61-3f30803410b8&_set_bev_on_new_domain=1749222555_EANTRkYzY5NzEwZm,,https://www.airbnb.co.id/rooms/1145267685363332985?adults=1&children=0&infants=0&pets=0&wishlist_item_id=11004044507554&source_impression_id=p3_1750279922_P3pFHa6q1b2RmyvA&previous_page_section_name=1000,Panorama Padi: Guesthouse Nyaman dengan Kolam Renang di Canggu,"Canggu South Kuta, Bali, Indonesia",4.81,2 tamu ·  · 1 kamar tidur ·  · 1 tempat tidur ·  · 1 kamar mandi pribadi,4.7,4.9,4.9,4.8,4.8,4.8,¥ 4.103,untuk 1 malam,2. Canggu,,,,,,,,,,,,,,,,,,
1750280035-5,https://www.airbnb.co.id/wishlists/v/1606477197?view_only_token=b4fbb9f1-80d3-46c3-bf61-3f30803410b8&_set_bev_on_new_domain=1749222555_EANTRkYzY5NzEwZm,,https://www.airbnb.co.id/rooms/35013366?adults=1&children=0&infants=0&pets=0&wishlist_item_id=11004044512189&source_impression_id=p3_1750279922_P3Z5LteHutA_CFEg&previous_page_section_name=1000,Vila Cerah & Laidback dengan Kolam renang pribadi di Canggu,"Kabupaten Badung, Bali, Indonesia",4.78,6 tamu ·  · 3 kamar tidur ·  · 3 tempat tidur ·  · 3 kamar mandi,4.7,4.8,4.9,4.9,4.6,4.8,¥ 16.112,untuk 1 malam,2. Canggu,,,,,,,,,,,,,,,,,,
1750280055-6,https://www.airbnb.co.id/wishlists/v/1606477197?view_only_token=b4fbb9f1-80d3-46c3-bf61-3f30803410b8&_set_bev_on_new_domain=1749222555_EANTRkYzY5NzEwZm,,https://www.airbnb.co.id/rooms/1211195182227864578?adults=1&children=0&infants=0&pets=0&wishlist_item_id=11004044513076&source_impression_id=p3_1750279922_P32Kgv_Rea9ZPec7&previous_page_section_name=1000,Serendipity in Mengwi Guesthouse: 10 menit ke Canggu,"Kecamatan Mengwi, Bali, Indonesia",4.75,2 tamu ·  · 1 kamar tidur ·  · 1 tempat tidur ·  · 1 kamar mandi pribadi,4.7,4.8,4.9,4.8,4.6,4.8,¥ 4.832,untuk 1 malam,2. Canggu,,,,,,,,,,,,,,,,,,
1750280075-7,https://www.airbnb.co.id/wishlists/v/1606477197?view_only_token=b4fbb9f1-80d3-46c3-bf61-3f30803410b8&_set_bev_on_new_domain=1749222555_EANTRkYzY5NzEwZm,,https://www.airbnb.co.id/rooms/1211211691981765107?adults=1&children=0&infants=0&pets=0&wishlist_item_id=11004044513261&source_impression_id=p3_1750279922_P3eA6ivh8orRf1iq&previous_page_section_name=1000,Mengwi Guesthouse yang mempesona dengan Oasis Kolam Renang,"Kecamatan Mengwi, Bali, Indonesia",4.66,2 tamu ·  · 1 kamar tidur ·  · 1 tempat tidur ·  · 1 kamar mandi pribadi,4.6,4.8,4.9,4.8,4.6,4.7,¥ 3.980,untuk 1 malam,2. Canggu,,,,,,,,,,,,,,,,,,
1750280095-8,https://www.airbnb.co.id/wishlists/v/1606477197?view_only_token=b4fbb9f1-80d3-46c3-bf61-3f30803410b8&_set_bev_on_new_domain=1749222555_EANTRkYzY5NzEwZm,,https://www.airbnb.co.id/rooms/53519279?adults=1&children=0&infants=0&pets=0&wishlist_item_id=11004044514166&source_impression_id=p3_1750279922_P3DHSnYL95VKqp1k&previous_page_section_name=1000,Liburan Backpacker Nyaman di Dekat Tempat - Tempat Semarak di Canggu,"Badung, Bali, Indonesia",4.89,2 tamu ·  · 1 kamar tidur ·  · 1 tempat tidur ·  · 1 kamar mandi pribadi,4.9,5.0,4.8,4.9,4.8,4.8,¥ 7.759,untuk 2 malam,2. Canggu,,,,,,,,,,,,,,,,,,
1750280115-9,https://www.airbnb.co.id/wishlists/v/1606477197?view_only_token=b4fbb9f1-80d3-46c3-bf61-3f30803410b8&_set_bev_on_new_domain=1749222555_EANTRkYzY5NzEwZm,,https://www.airbnb.co.id/rooms/877152994086983848?adults=1&children=0&infants=0&pets=0&wishlist_item_id=11004044514272&source_impression_id=p3_1750279922_P3jZ1rCKKjm2gCti&previous_page_section_name=1000,Canggu Wooden Villa with Pool and Rice Field Views,"Kecamatan Kuta Utara, Bali, Indonesia",4.79,4 tamu ·  · 2 kamar tidur ·  · 2 tempat tidur ·  · 2 kamar mandi,4.7,4.8,4.7,4.8,4.6,4.8,¥ 22.387,untuk 2 malam,2. Canggu,,,,,,,,,,,,,,,,,,
1750280135-10,https://www.airbnb.co.id/wishlists/v/1606477197?view_only_token=b4fbb9f1-80d3-46c3-bf61-3f30803410b8&_set_bev_on_new_domain=1749222555_EANTRkYzY5NzEwZm,,https://www.airbnb.co.id/rooms/1246783202978808833?adults=1&children=0&infants=0&pets=0&wishlist_item_id=11004044517172&source_impression_id=p3_1750279922_P3yHphcznNk5-C2R&previous_page_section_name=1000,Penthouse Trendi Dekat Canggu Dengan Kolam Renang Atap,"Kec. Kuta Utara, Kabupaten Badung, Bali, Indonesia",4.73,4 tamu ·  · 2 kamar tidur ·  · 2 tempat tidur ·  · 2 kamar mandi,4.7,4.7,4.8,4.8,4.5,4.7,,,2. Canggu,,,,,,,,,,,,,,,,,,
1750280155-11,https://www.airbnb.co.id/wishlists/v/1606477197?view_only_token=b4fbb9f1-80d3-46c3-bf61-3f30803410b8&_set_bev_on_new_domain=1749222555_EANTRkYzY5NzEwZm,,https://www.airbnb.co.id/rooms/1288923770271872874?adults=1&children=0&infants=0&pets=0&wishlist_item_id=11004226063158&source_impression_id=p3_1750279922_P3lEnmIVLbzIU7xt&previous_page_section_name=1000,Vila Canggu Terang Matahari yang Luas Cocok untuk Keluarga,"Kecamatan Kuta Utara, Bali, Indonesia",4.4,4 tamu ·  · 2 kamar tidur ·  · 2 tempat tidur ·  · 2 kamar mandi,4.9,4.6,4.7,4.2,4.6,4.2,¥ 26.876,untuk 1 malam,2. Canggu,,,,,,,,,,,,,,,,,,
1750280175-12,https://www.airbnb.co.id/wishlists/v/1606477197?view_only_token=b4fbb9f1-80d3-46c3-bf61-3f30803410b8&_set_bev_on_new_domain=1749222555_EANTRkYzY5NzEwZm,,https://www.airbnb.co.id/rooms/1045315836255293542?adults=1&children=0&infants=0&pets=0&wishlist_item_id=11004387883048&source_impression_id=p3_1750279922_P3nfZssZin4z5Bj_&previous_page_section_name=1000,Kamar Tepi Kolam Renang yang Damai: Jantung Ketenangan Canggu,"Kecamatan Kuta Utara, Bali, Indonesia",5.0,11 tamu ·  · 5 kamar tidur ·  · 5 tempat tidur ·  · 5 kamar mandi,4.6,4.9,4.7,4.9,4.4,4.6,¥ 22.658,untuk 1 malam,2. Canggu,,,,,,,,,,,,,,,,,,
1750280195-13,https://www.airbnb.co.id/wishlists/v/1606477197?view_only_token=b4fbb9f1-80d3-46c3-bf61-3f30803410b8&_set_bev_on_new_domain=1749222555_EANTRkYzY5NzEwZm,,https://www.airbnb.co.id/rooms/1240272734605130668?adults=1&children=0&infants=0&pets=0&wishlist_item_id=11004387885635&source_impression_id=p3_1750279922_P3FoaU9v0Mv6fT7N&previous_page_section_name=1000,Prime Canggu Vast Room w/ Pool & High - Speed Wi - Fi,"Kecamatan Kuta Utara, Bali, Indonesia",4.64,2 tamu ·  · 1 kamar tidur ·  · 1 tempat tidur ·  · 1 kamar mandi pribadi,4.7,4.7,4.8,4.9,4.9,4.8,¥ 7.775,untuk 2 malam,2. Canggu,,,,,,,,,,,,,,,,,,
1750280215-14,https://www.airbnb.co.id/wishlists/v/1606477197?view_only_token=b4fbb9f1-80d3-46c3-bf61-3f30803410b8&_set_bev_on_new_domain=1749222555_EANTRkYzY5NzEwZm,,https://www.airbnb.co.id/rooms/1299719182878829011?adults=1&children=0&infants=0&pets=0&wishlist_item_id=11004387888410&source_impression_id=p3_1750279922_P3K8e-3iybwo6l6F&previous_page_section_name=1000,Guesthouse Indah di Canggu dengan Adegan Sawah,"Kecamatan Kuta Utara, Bali, Indonesia",4.96,2 tamu ·  · 1 kamar tidur ·  · 1 tempat tidur ·  · 1 kamar mandi pribadi,4.9,5.0,5.0,4.8,5.0,4.8,¥ 5.470,untuk 1 malam,2. Canggu,,,,,,,,,,,,,,,,,,
1750280235-15,https://www.airbnb.co.id/wishlists/v/1606477197?view_only_token=b4fbb9f1-80d3-46c3-bf61-3f30803410b8&_set_bev_on_new_domain=1749222555_EANTRkYzY5NzEwZm,,https://www.airbnb.co.id/rooms/36114848?adults=1&children=0&infants=0&pets=0&wishlist_item_id=11004387892549&source_impression_id=p3_1750279922_P3FhIKqaSdwd_vQb&previous_page_section_name=1000,Tempat Menginap di Guesthouse Spirited dengan Pemandangan & Kolam Renang Ricefield,"Kabupaten Badung, Bali, Indonesia",4.82,2 tamu ·  · 1 kamar tidur ·  · 1 tempat tidur ·  · 1 kamar mandi pribadi,4.7,4.8,4.9,4.8,4.8,4.8,¥ 5.715,untuk 1 malam,2. Canggu,,,,,,,,,,,,,,,,,,
1750280255-16,https://www.airbnb.co.id/wishlists/v/1606477197?view_only_token=b4fbb9f1-80d3-46c3-bf61-3f30803410b8&_set_bev_on_new_domain=1749222555_EANTRkYzY5NzEwZm,,https://www.airbnb.co.id/rooms/1185066946294389838?adults=1&children=0&infants=0&pets=0&wishlist_item_id=11004457547165&source_impression_id=p3_1750279922_P3OAS6_iPg-682kO&previous_page_section_name=1000,Digital Nomad's Dream Canggu Villa dengan Wi - Fi Cepat,"Kecamatan Kuta Utara, Bali, Indonesia",4.85,2 tamu ·  · 1 kamar tidur ·  · 1 tempat tidur ·  · 2 kamar mandi,4.7,4.8,4.7,4.7,4.8,4.7,¥ 17.205,untuk 1 malam,2. Canggu,,,,,,,,,,,,,,,,,,
1750277740-1,https://www.airbnb.co.id/wishlists/v/1606472580?view_only_token=6d8eb186-7f74-4541-8619-f31b304bfc2e&_set_bev_on_new_domain=1749222555_EANTRkYzY5NzEwZm,,,Clifftop Bingin 2BR Villa dengan Pemandangan Laut yang Menakjubkan,"Kecamatan Kuta Selatan, Bali, Indonesia",4.87,4 tamu ·  · 2 kamar tidur ·  · 2 tempat tidur ·  · 2 kamar mandi,4.8,4.9,4.8,4.8,4.9,4.8,¥ 84.618,untuk 2 malam,1. Bingin,,https://www.airbnb.co.id/rooms/1182859004307865406?adults=1&children=0&infants=0&pets=0&wishlist_item_id=11004044486154&source_impression_id=p3_1750277701_P3mXbMI144I_LwJO&previous_page_section_name=1000,,,,,,,,,,,,,,,,
1750277760-2,https://www.airbnb.co.id/wishlists/v/1606472580?view_only_token=6d8eb186-7f74-4541-8619-f31b304bfc2e&_set_bev_on_new_domain=1749222555_EANTRkYzY5NzEwZm,,,Suaka Peselancar dengan Kolam Renang di tepi Dreamland Waves,"Kecamatan Kuta Selatan, Bali, Indonesia",4.78,"4 tamu ·  · 2 kamar tidur ·  · 2 tempat tidur ·  · 2,5 kamar mandi",4.9,4.9,4.9,4.8,4.6,4.9,¥ 78.847,untuk 2 malam,1. Bingin,,https://www.airbnb.co.id/rooms/1234374377152608074?adults=1&children=0&infants=0&pets=0&wishlist_item_id=11004044489213&source_impression_id=p3_1750277701_P3XxfzdqHIuurZKS&previous_page_section_name=1000,,,,,,,,,,,,,,,,
1750277780-3,https://www.airbnb.co.id/wishlists/v/1606472580?view_only_token=6d8eb186-7f74-4541-8619-f31b304bfc2e&_set_bev_on_new_domain=1749222555_EANTRkYzY5NzEwZm,,,Private Pool Villa only Short Walk to Bingin Beach,"Kecamatan Kuta Selatan, Bali, Indonesia",4.9,6 tamu ·  · 3 kamar tidur ·  · 3 tempat tidur ·  · 3 kamar mandi,4.9,5.0,5.0,4.9,4.9,4.8,¥ 91.176,untuk 2 malam,1. Bingin,,https://www.airbnb.co.id/rooms/1225030257850706990?adults=1&children=0&infants=0&pets=0&wishlist_item_id=11004044490434&source_impression_id=p3_1750277701_P3XexuNSSnDNEMfk&previous_page_section_name=1000,,,,,,,,,,,,,,,,
1750277800-4,https://www.airbnb.co.id/wishlists/v/1606472580?view_only_token=6d8eb186-7f74-4541-8619-f31b304bfc2e&_set_bev_on_new_domain=1749222555_EANTRkYzY5NzEwZm,,,Vila Kolam Renang Beberapa Langkah dari Tempat Terbaik di Bingin,"Kecamatan Kuta Selatan, Bali, Indonesia",4.88,4 tamu ·  · 2 kamar tidur ·  · 2 tempat tidur ·  · 2 kamar mandi,4.8,4.9,4.9,4.9,4.8,4.7,¥ 39.242,untuk 1 malam,1. Bingin,,https://www.airbnb.co.id/rooms/907486068563658231?adults=1&children=0&infants=0&pets=0&wishlist_item_id=11004044490945&source_impression_id=p3_1750277701_P3gHysqGB0hHxPU0&previous_page_section_name=1000,,,,,,,,,,,,,,,,
1750277820-5,https://www.airbnb.co.id/wishlists/v/1606472580?view_only_token=6d8eb186-7f74-4541-8619-f31b304bfc2e&_set_bev_on_new_domain=1749222555_EANTRkYzY5NzEwZm,,,Bingin Villa dengan Kolam Renang Ideal untuk Liburan Romantis,"Kecamatan Kuta Selatan, Bali, Indonesia",4.92,2 tamu ·  · 1 kamar tidur ·  · 1 tempat tidur ·  · 1 kamar mandi,4.9,4.9,5.0,4.9,4.9,4.8,¥ 31.198,untuk 1 malam,1. Bingin,,https://www.airbnb.co.id/rooms/848766870319274997?adults=1&children=0&infants=0&pets=0&wishlist_item_id=11004044491061&source_impression_id=p3_1750277701_P3dnu5sUf9DWvTYn&previous_page_section_name=1000,,,,,,,,,,,,,,,,
1750277840-6,https://www.airbnb.co.id/wishlists/v/1606472580?view_only_token=6d8eb186-7f74-4541-8619-f31b304bfc2e&_set_bev_on_new_domain=1749222555_EANTRkYzY5NzEwZm,,,Vila yang menenangkan di dekat Pantai dan Tempat Makan Bingin,"Kecamatan Kuta Selatan, Bali, Indonesia",4.93,4 tamu ·  · 2 kamar tidur ·  · 2 tempat tidur ·  · 2 kamar mandi,4.9,4.9,4.9,4.9,4.8,4.8,¥ 81.767,untuk 2 malam,1. Bingin,,https://www.airbnb.co.id/rooms/876476348992921165?adults=1&children=0&infants=0&pets=0&wishlist_item_id=11004044491137&source_impression_id=p3_1750277701_P3dR6QWZKZ0Bll_1&previous_page_section_name=1000,,,,,,,,,,,,,,,,
1750277860-7,https://www.airbnb.co.id/wishlists/v/1606472580?view_only_token=6d8eb186-7f74-4541-8619-f31b304bfc2e&_set_bev_on_new_domain=1749222555_EANTRkYzY5NzEwZm,,,Wavefront Sanctuary: Bingin's Coastal Retreat,"Kecamatan Kuta Selatan, Bali, Indonesia",4.59,2 tamu ·  · 1 kamar tidur ·  · 1 tempat tidur ·  · 1 kamar mandi pribadi,4.7,4.7,4.3,4.7,4.6,4.6,¥ 12.394,untuk 1 malam,1. Bingin,,https://www.airbnb.co.id/rooms/1201076382157875178?adults=1&children=0&infants=0&pets=0&wishlist_item_id=11004212920685&source_impression_id=p3_1750277701_P3Ts2apDtrrK_kXk&previous_page_section_name=1000,,,,,,,,,,,,,,,,
1750277880-8,https://www.airbnb.co.id/wishlists/v/1606472580?view_only_token=6d8eb186-7f74-4541-8619-f31b304bfc2e&_set_bev_on_new_domain=1749222555_EANTRkYzY5NzEwZm,,,Surfer's Paradise: Coastal Bliss by Bingin Beach,"Bingin, Bali, Indonesia",4.51,2 tamu ·  · 1 kamar tidur ·  · 1 tempat tidur ·  · 1 kamar mandi pribadi,4.6,4.5,4.3,4.6,4.5,4.4,¥ 7.685,untuk 1 malam,1. Bingin,,https://www.airbnb.co.id/rooms/1036571442823338002?adults=1&children=0&infants=0&pets=0&wishlist_item_id=11004212924293&source_impression_id=p3_1750277701_P3AbPhqQP81TYJEC&previous_page_section_name=1000,,,,,,,,,,,,,,,,
1750277900-9,https://www.airbnb.co.id/wishlists/v/1606472580?view_only_token=6d8eb186-7f74-4541-8619-f31b304bfc2e&_set_bev_on_new_domain=1749222555_EANTRkYzY5NzEwZm,,,Bingin Surf Haven: Berkendara 4 Menit ke Pantai Bingin,"Kecamatan Kuta Selatan, Bali, Indonesia",4.94,2 tamu ·  · 1 kamar tidur ·  · 1 tempat tidur ·  · 1 kamar mandi,4.8,4.8,4.8,4.9,4.8,4.8,¥ 18.414,untuk 1 malam,1. Bingin,,https://www.airbnb.co.id/rooms/1223190849897895381?adults=1&children=0&infants=0&pets=0&wishlist_item_id=11004387847060&source_impression_id=p3_1750277701_P3wTWS1D3pj0YCc-&previous_page_section_name=1000,,,,,,,,,,,,,,,,
1750277920-10,https://www.airbnb.co.id/wishlists/v/1606472580?view_only_token=6d8eb186-7f74-4541-8619-f31b304bfc2e&_set_bev_on_new_domain=1749222555_EANTRkYzY5NzEwZm,,,Surf's Retreat: 15 menit berjalan kaki dari Pantai Bingin,"Kecamatan Kuta Selatan, Bali, Indonesia",4.65,2 tamu ·  · 1 kamar tidur ·  · 1 tempat tidur ·  · 1 kamar mandi pribadi,4.6,4.7,4.8,4.8,4.7,4.6,¥ 13.606,untuk 1 malam,1. Bingin,,https://www.airbnb.co.id/rooms/44106402?adults=1&children=0&infants=0&pets=0&wishlist_item_id=11004387848029&source_impression_id=p3_1750277701_P3VU4wcwlj8Oq42L&previous_page_section_name=1000,,,,,,,,,,,,,,,,
1750277940-11,https://www.airbnb.co.id/wishlists/v/1606472580?view_only_token=6d8eb186-7f74-4541-8619-f31b304bfc2e&_set_bev_on_new_domain=1749222555_EANTRkYzY5NzEwZm,,,Surga Tersembunyi: Liburan Kolam Renang Dekat Pantai Bingin,"Kecamatan Kuta Selatan, Bali, Indonesia",4.81,2 tamu ·  · 1 kamar tidur ·  · 1 tempat tidur ·  · 1 kamar mandi pribadi,4.8,4.8,4.8,4.8,4.4,4.8,¥ 9.367,untuk 1 malam,1. Bingin,,https://www.airbnb.co.id/rooms/1177065536447337398?adults=1&children=0&infants=0&pets=0&wishlist_item_id=11004387851111&source_impression_id=p3_1750277701_P3q9WmsBhALpVfBw&previous_page_section_name=1000,,,,,,,,,,,,,,,,
1750277960-12,https://www.airbnb.co.id/wishlists/v/1606472580?view_only_token=6d8eb186-7f74-4541-8619-f31b304bfc2e&_set_bev_on_new_domain=1749222555_EANTRkYzY5NzEwZm,,,Penginapan Oceanview yang Ditinggikan di dekat Tebing Pantai Bingin,"Kecamatan Kuta Selatan, Bali, Indonesia",4.63,2 tamu ·  · 1 kamar tidur ·  · 1 tempat tidur ·  · 1 kamar mandi pribadi,4.5,4.7,4.7,4.7,4.8,4.6,¥ 20.818,untuk 1 malam,1. Bingin,,https://www.airbnb.co.id/rooms/1183632865710682216?adults=1&children=0&infants=0&pets=0&wishlist_item_id=11004387853974&source_impression_id=p3_1750277701_P3_0zdhq49K7qVFE&previous_page_section_name=1000,,,,,,,,,,,,,,,,
1750277981-13,https://www.airbnb.co.id/wishlists/v/1606472580?view_only_token=6d8eb186-7f74-4541-8619-f31b304bfc2e&_set_bev_on_new_domain=1749222555_EANTRkYzY5NzEwZm,,,Clifftop Infinity Pool Retreat Above Bingin Waves,"Kecamatan Kuta Selatan, Bali, Indonesia",4.72,2 tamu ·  · 1 kamar tidur ·  · 1 tempat tidur ·  · 1 kamar mandi pribadi,4.7,4.8,4.7,4.8,4.9,4.6,¥ 36.233,untuk 2 malam,1. Bingin,,https://www.airbnb.co.id/rooms/1188686846270257020?adults=1&children=0&infants=0&pets=0&wishlist_item_id=11004387854615&source_impression_id=p3_1750277701_P3dX7TYS04zO5CsP&previous_page_section_name=1000,,,,,,,,,,,,,,,,
1750278001-14,https://www.airbnb.co.id/wishlists/v/1606472580?view_only_token=6d8eb186-7f74-4541-8619-f31b304bfc2e&_set_bev_on_new_domain=1749222555_EANTRkYzY5NzEwZm,,,Bingin Cliffside Stay w/ Infinity Pool Ocean View,"Kecamatan Kuta Selatan, Bali, Indonesia",4.74,2 tamu ·  · 1 kamar tidur ·  · 1 tempat tidur ·  · 1 kamar mandi pribadi,4.9,4.9,4.8,5.0,4.9,4.7,¥ 16.899,untuk 1 malam,1. Bingin,,https://www.airbnb.co.id/rooms/1188720738332339476?adults=1&children=0&infants=0&pets=0&wishlist_item_id=11004387854983&source_impression_id=p3_1750277701_P3P0jz-bFCb51tCX&previous_page_section_name=1000,,,,,,,,,,,,,,,,
1750278021-15,https://www.airbnb.co.id/wishlists/v/1606472580?view_only_token=6d8eb186-7f74-4541-8619-f31b304bfc2e&_set_bev_on_new_domain=1749222555_EANTRkYzY5NzEwZm,,,Oceanfront Sunset Stay Bertengger di Bingin Clifftop,"Kecamatan Kuta Selatan, Bali, Indonesia",4.79,2 tamu ·  · 1 kamar tidur ·  · 1 tempat tidur ·  · 1 kamar mandi pribadi,4.8,4.9,4.8,4.8,4.9,4.7,¥ 18.479,untuk 1 malam,1. Bingin,,https://www.airbnb.co.id/rooms/1183596222998036208?adults=1&children=0&infants=0&pets=0&wishlist_item_id=11004387855476&source_impression_id=p3_1750277701_P3uvzzKod3p-Ja7b&previous_page_section_name=1000,,,,,,,,,,,,,,,,
1750278041-16,https://www.airbnb.co.id/wishlists/v/1606472580?view_only_token=6d8eb186-7f74-4541-8619-f31b304bfc2e&_set_bev_on_new_domain=1749222555_EANTRkYzY5NzEwZm,,,Vila Mewah Dekat Bingin's Shores dan Savory Spot,"Kecamatan Kuta Selatan, Bali, Indonesia",4.69,4 tamu ·  · 2 kamar tidur ·  · 2 tempat tidur ·  · 2 kamar mandi,4.6,4.9,4.8,4.9,4.8,4.8,¥ 74.818,untuk 2 malam,1. Bingin,,https://www.airbnb.co.id/rooms/1323677534028223911?adults=1&children=0&infants=0&pets=0&wishlist_item_id=11004387857677&source_impression_id=p3_1750277701_P3X69QQU6eiiGpVV&previous_page_section_name=1000,,,,,,,,,,,,,,,,
1750278061-17,https://www.airbnb.co.id/wishlists/v/1606472580?view_only_token=6d8eb186-7f74-4541-8619-f31b304bfc2e&_set_bev_on_new_domain=1749222555_EANTRkYzY5NzEwZm,,,Beach Vibes Retreat Minutes from Bingin Waves,"Kuta Selatan, Bali, Indonesia",4.87,2 tamu ·  · 1 kamar tidur ·  · 1 tempat tidur ·  · 1 kamar mandi pribadi,4.9,4.9,4.9,4.8,4.7,4.8,¥ 15.960,untuk 1 malam,1. Bingin,,https://www.airbnb.co.id/rooms/1223670370586189386?adults=1&children=0&infants=0&pets=0&wishlist_item_id=11004387859422&source_impression_id=p3_1750277701_P3ybCasXeGUPFA1E&previous_page_section_name=1000,,,,,,,,,,,,,,,,
1750278081-18,https://www.airbnb.co.id/wishlists/v/1606472580?view_only_token=6d8eb186-7f74-4541-8619-f31b304bfc2e&_set_bev_on_new_domain=1749222555_EANTRkYzY5NzEwZm,,,Ocean Breeze Retreat Near Bingin's Surf Scene,"Kecamatan Kuta Selatan, Bali, Indonesia",4.87,2 tamu ·  · 1 kamar tidur ·  · 1 tempat tidur ·  · 1 kamar mandi pribadi,4.8,4.9,4.9,4.9,4.7,4.9,¥ 14.469,untuk 1 malam,1. Bingin,,https://www.airbnb.co.id/rooms/1235271287133917350?adults=1&children=0&infants=0&pets=0&wishlist_item_id=11004387859868&source_impression_id=p3_1750277701_P3I3QT6po16RlIS6&previous_page_section_name=1000,,,,,,,,,,,,,,,,
1750278101-19,https://www.airbnb.co.id/wishlists/v/1606472580?view_only_token=6d8eb186-7f74-4541-8619-f31b304bfc2e&_set_bev_on_new_domain=1749222555_EANTRkYzY5NzEwZm,,,"Penginapan Tepi Kolam Renang yang Santai, Dekat dengan Pantai Bingin","Kecamatan Kuta Selatan, Bali, Indonesia",4.71,3 tamu ·  · 1 kamar tidur ·  · 2 tempat tidur ·  · 1 kamar mandi pribadi,4.7,4.8,4.8,4.7,4.7,4.7,¥ 15.512,untuk 1 malam,1. Bingin,,https://www.airbnb.co.id/rooms/1244648700383129711?adults=1&children=0&infants=0&pets=0&wishlist_item_id=11004387863298&source_impression_id=p3_1750277701_P3CSThIuk4BH-Q29&previous_page_section_name=1000,,,,,,,,,,,,,,,,
1750278121-20,https://www.airbnb.co.id/wishlists/v/1606472580?view_only_token=6d8eb186-7f74-4541-8619-f31b304bfc2e&_set_bev_on_new_domain=1749222555_EANTRkYzY5NzEwZm,,,"Penginapan yang semarak dengan Kolam Renang, Beberapa Langkah dari Pantai Bingin","Kuta Selatan, Bali, Indonesia",4.78,2 tamu ·  · 1 kamar tidur ·  · 1 tempat tidur ·  · 1 kamar mandi pribadi,4.8,4.8,4.9,4.8,4.8,4.7,¥ 15.271,untuk 1 malam,1. Bingin,,https://www.airbnb.co.id/rooms/23364064?adults=1&children=0&infants=0&pets=0&wishlist_item_id=11004387864531&source_impression_id=p3_1750277701_P3y5HeGloOnyKoqz&previous_page_section_name=1000,,,,,,,,,,,,,,,,
1750278141-21,https://www.airbnb.co.id/wishlists/v/1606472580?view_only_token=6d8eb186-7f74-4541-8619-f31b304bfc2e&_set_bev_on_new_domain=1749222555_EANTRkYzY5NzEwZm,,,Ultimate Surfer's Retreat di Bingin dengan Kolam Renang,"Kuta Selatan, Bali, Indonesia",4.85,2 tamu ·  · 1 kamar tidur ·  · 1 tempat tidur ·  · 1 kamar mandi pribadi,4.9,4.9,4.8,4.9,4.8,4.8,¥ 13.902,untuk 1 malam,1. Bingin,,https://www.airbnb.co.id/rooms/23968293?adults=1&children=0&infants=0&pets=0&wishlist_item_id=11004387866990&source_impression_id=p3_1750277701_P32E5u7ywpM7vQi4&previous_page_section_name=1000,,,,,,,,,,,,,,,,
1750278161-22,https://www.airbnb.co.id/wishlists/v/1606472580?view_only_token=6d8eb186-7f74-4541-8619-f31b304bfc2e&_set_bev_on_new_domain=1749222555_EANTRkYzY5NzEwZm,,,Vila Terpencil yang diterangi matahari dengan Kolam Renang | Dekat Pantai Bingin,"Kecamatan Kuta Selatan, Bali, Indonesia",4.8,"6 tamu ·  · 3 kamar tidur ·  · 3 tempat tidur ·  · 3,5 kamar mandi",4.6,4.8,4.8,4.9,4.4,4.8,¥ 61.001,untuk 2 malam,1. Bingin,,https://www.airbnb.co.id/rooms/1130866930200213460?adults=1&children=0&infants=0&pets=0&wishlist_item_id=11004387867866&source_impression_id=p3_1750277701_P3Clq1QRquM-UA18&previous_page_section_name=1000,,,,,,,,,,,,,,,,
1750278181-23,https://www.airbnb.co.id/wishlists/v/1606472580?view_only_token=6d8eb186-7f74-4541-8619-f31b304bfc2e&_set_bev_on_new_domain=1749222555_EANTRkYzY5NzEwZm,,,Dreamy Haven dengan Kolam Renang | 300 m dari Pantai Bingin,"Bingin Beach, Bali, Indonesia",4.76,4 tamu ·  · 2 kamar tidur ·  · 2 tempat tidur ·  · 2 kamar mandi,4.7,4.8,4.7,4.8,4.8,4.7,¥ 34.535,untuk 1 malam,1. Bingin,,https://www.airbnb.co.id/rooms/1151074800709335738?adults=1&children=0&infants=0&pets=0&wishlist_item_id=11004387870079&source_impression_id=p3_1750277701_P3QHJivhAK0hzdEd&previous_page_section_name=1000,,,,,,,,,,,,,,,,
1750278201-24,https://www.airbnb.co.id/wishlists/v/1606472580?view_only_token=6d8eb186-7f74-4541-8619-f31b304bfc2e&_set_bev_on_new_domain=1749222555_EANTRkYzY5NzEwZm,,,Vila Liburan Keluarga di Dekat Pantai Bingin dengan BBQ,"Kecamatan Kuta Selatan, Bali, Indonesia",4.98,"6 tamu ·  · 3 kamar tidur ·  · 3 tempat tidur ·  · 3,5 kamar mandi",5.0,5.0,5.0,5.0,4.5,5.0,¥ 22.949,untuk 1 malam,1. Bingin,,https://www.airbnb.co.id/rooms/1201807361024443576?adults=1&children=0&infants=0&pets=0&wishlist_item_id=11004759268100&source_impression_id=p3_1750277701_P3moG_izFmKibbKD&previous_page_section_name=1000,,,,,,,,,,,,,,,,
1750363954-1,https://id.airbnb.com/wishlists/v/1636252754?view_only_token=a2d073d9-5040-4cd1-b8f5-e4a14ff1a110&_set_bev_on_new_domain=1749222514_EAZDk2MTg0NDY0MW,,,Villa Elegan dengan Pemandangan Indah di Jimbaran,"Kecamatan Kuta Selatan, Bali, Indonesia",4.68,7 tamu ·  · 4 kamar tidur ·  · 4 tempat tidur ·  · 4 kamar mandi,4.6,4.8,4.8,4.7,4.5,4.6,¥ 36.582,untuk 2 malam,3. Jimbaran,,,,https://id.airbnb.com/rooms/1175771410983842926?adults=1&children=0&infants=0&pets=0&wishlist_item_id=11004216702609&source_impression_id=p3_1750363916_P3IBXeYNyOKf80ZR&previous_page_section_name=1000,,,,,,,,,,,,,,
1750363974-2,https://id.airbnb.com/wishlists/v/1636252754?view_only_token=a2d073d9-5040-4cd1-b8f5-e4a14ff1a110&_set_bev_on_new_domain=1749222514_EAZDk2MTg0NDY0MW,,,Berkumpul & Bersantai Vila Keluarga Jimbaran Dengan Kolam Renang,"Kecamatan Kuta Selatan, Bali, Indonesia",4.76,10 tamu ·  · 5 kamar tidur ·  · 7 tempat tidur ·  · 5 kamar mandi,4.7,4.9,4.9,5.0,4.3,4.9,¥ 22.504,untuk 1 malam,3. Jimbaran,,,,https://id.airbnb.com/rooms/1249728829671690698?adults=1&children=0&infants=0&pets=0&wishlist_item_id=11004216703446&source_impression_id=p3_1750363916_P3NLAlZrZUK6-l1H&previous_page_section_name=1000,,,,,,,,,,,,,,
1750363994-3,https://id.airbnb.com/wishlists/v/1636252754?view_only_token=a2d073d9-5040-4cd1-b8f5-e4a14ff1a110&_set_bev_on_new_domain=1749222514_EAZDk2MTg0NDY0MW,,,Ikatan Grup Menanti: Vila Jimbaran Dengan Kolam Renang,"Kecamatan Kuta Selatan, Bali, Indonesia",5.0,16+ tamu ·  · 10 kamar tidur ·  · 15 tempat tidur ·  · 10 kamar mandi,5.0,5.0,4.9,5.0,4.6,5.0,¥ 45.446,untuk 1 malam,3. Jimbaran,,,,https://id.airbnb.com/rooms/1249758931546628762?adults=1&children=0&infants=0&pets=0&wishlist_item_id=11004216703710&source_impression_id=p3_1750363916_P3dLr39YAtpgb7oZ&previous_page_section_name=1000,,,,,,,,,,,,,,
1750364014-4,https://id.airbnb.com/wishlists/v/1636252754?view_only_token=a2d073d9-5040-4cd1-b8f5-e4a14ff1a110&_set_bev_on_new_domain=1749222514_EAZDk2MTg0NDY0MW,,,Liburan Jimbaran dengan Sentuhan Bali Autentik,"Kuta Selatan, Bali, Indonesia",4.7,2 tamu ·  · 1 kamar tidur ·  · 1 tempat tidur ·  · 1 kamar mandi pribadi,4.7,4.8,4.7,4.6,4.3,4.7,¥ 4.254,untuk 1 malam,3. Jimbaran,,,,https://id.airbnb.com/rooms/17033167?adults=1&children=0&infants=0&pets=0&wishlist_item_id=11004216707176&source_impression_id=p3_1750363916_P3BgdCVKGn8zHDQB&previous_page_section_name=1000,,,,,,,,,,,,,,
1750364034-5,https://id.airbnb.com/wishlists/v/1636252754?view_only_token=a2d073d9-5040-4cd1-b8f5-e4a14ff1a110&_set_bev_on_new_domain=1749222514_EAZDk2MTg0NDY0MW,,,Vila Aneh di Tepi Kolam Renang di Jimbaran,"Jimbaran, Bali, Indonesia",4.63,8 tamu ·  · 4 kamar tidur ·  · 4 tempat tidur ·  · 4 kamar mandi,4.6,4.6,4.8,4.6,4.3,4.6,¥ 23.978,untuk 1 malam,3. Jimbaran,,,,https://id.airbnb.com/rooms/43112560?adults=1&children=0&infants=0&pets=0&wishlist_item_id=11004216707497&source_impression_id=p3_1750363916_P3xiVmxKax6sqZfP&previous_page_section_name=1000,,,,,,,,,,,,,,
1750364054-6,https://id.airbnb.com/wishlists/v/1636252754?view_only_token=a2d073d9-5040-4cd1-b8f5-e4a14ff1a110&_set_bev_on_new_domain=1749222514_EAZDk2MTg0NDY0MW,,,Kedatangan Segar: Liburan Keluarga Terbaik di Jimbaran,"Kuta Selatan, Bali, Indonesia",Baru,6 tamu ·  · 3 kamar tidur ·  · 3 tempat tidur ·  · 3 kamar mandi,0.0,0.0,0.0,0.0,0.0,0.0,¥ 64.176,untuk 2 malam,3. Jimbaran,,,,https://id.airbnb.com/rooms/1412838340282893981?adults=1&children=0&infants=0&pets=0&wishlist_item_id=11004887070301&source_impression_id=p3_1750363916_P3AxUL8zyp7ZCMoS&previous_page_section_name=1000,,,,,,,,,,,,,,
1750362449-1,https://www.airbnb.co.id/wishlists/v/1606481777?view_only_token=00ff9fd0-8fbe-416d-949d-c2a2e39325c6&_set_bev_on_new_domain=1749222555_EANTRkYzY5NzEwZm,,,Sun - Kissed Sanctuary dengan Kolam Renang Pribadi di Ungasan,"Kecamatan Kuta Selatan, Bali, Indonesia",4.93,4 tamu ·  · 2 kamar tidur ·  · 2 tempat tidur ·  · 2 kamar mandi,4.8,4.9,5.0,4.9,4.6,4.8,¥ 33.602,untuk 1 malam,10. Ungasan,,,,,,https://www.airbnb.co.id/rooms/1148978545680429549?adults=1&children=0&infants=0&pets=0&wishlist_item_id=11004044533351&source_impression_id=p3_1750362410_P3R4iSCj-iIV6j9k&previous_page_section_name=1000,,,,,,,,,,,,
1750362469-2,https://www.airbnb.co.id/wishlists/v/1606481777?view_only_token=00ff9fd0-8fbe-416d-949d-c2a2e39325c6&_set_bev_on_new_domain=1749222555_EANTRkYzY5NzEwZm,,,Vila Berjemur dengan Kolam Renang Pribadi di Ungasan,"Kecamatan Kuta Selatan, Bali, Indonesia","4,92",2 tamu ·  · 1 kamar tidur ·  · 1 tempat tidur ·  · 1 kamar mandi,4.9,4.9,5.0,4.9,4.8,4.9,¥ 27.317,untuk 1 malam,10. Ungasan,,,,,,https://www.airbnb.co.id/rooms/1148892754629150766?adults=1&children=0&infants=0&pets=0&wishlist_item_id=11004044533636&source_impression_id=p3_1750362410_P3Q_DLVsk01MpNaY&previous_page_section_name=1000,,,,,,,,,,,,
1750362489-3,https://www.airbnb.co.id/wishlists/v/1606481777?view_only_token=00ff9fd0-8fbe-416d-949d-c2a2e39325c6&_set_bev_on_new_domain=1749222555_EANTRkYzY5NzEwZm,,,Ungasan Graceful Tropical Villa with Sunlit Pool,"Kecamatan Kuta Selatan, Bali, Indonesia",4.77,4 tamu ·  · 2 kamar tidur ·  · 2 tempat tidur ·  · 2 kamar mandi,4.8,4.8,4.8,4.8,4.7,4.8,¥ 33.602,untuk 1 malam,10. Ungasan,,,,,,https://www.airbnb.co.id/rooms/1148881304405988107?adults=1&children=0&infants=0&pets=0&wishlist_item_id=11004044533766&source_impression_id=p3_1750362410_P3uOZhqsVD9uBH3t&previous_page_section_name=1000,,,,,,,,,,,,
1750362509-4,https://www.airbnb.co.id/wishlists/v/1606481777?view_only_token=00ff9fd0-8fbe-416d-949d-c2a2e39325c6&_set_bev_on_new_domain=1749222555_EANTRkYzY5NzEwZm,,,Liburan Vila Akrab di Dekat Tempat Populer Ungasan,"Kecamatan Kuta Selatan, Bali, Indonesia",4.77,2 tamu ·  · 1 kamar tidur ·  · 1 tempat tidur ·  · 1 kamar mandi,4.9,5.0,5.0,4.9,4.7,4.9,¥ 28.800,untuk 1 malam,10. Ungasan,,,,,,https://www.airbnb.co.id/rooms/1148818153940787631?adults=1&children=0&infants=0&pets=0&wishlist_item_id=11004044533947&source_impression_id=p3_1750362410_P3lwExWzOuYotPwE&previous_page_section_name=1000,,,,,,,,,,,,
1750362529-5,https://www.airbnb.co.id/wishlists/v/1606481777?view_only_token=00ff9fd0-8fbe-416d-949d-c2a2e39325c6&_set_bev_on_new_domain=1749222555_EANTRkYzY5NzEwZm,,,Vila Luas di Ungasan untuk Rombongan di Dekat Pantai,"Bukit, Bali, Indonesia",4.71,"10 tamu ·  · 5 kamar tidur ·  · 5 tempat tidur ·  · 5,5 kamar mandi",4.7,4.8,4.9,4.7,4.5,4.7,¥ 67.597,untuk 2 malam,10. Ungasan,,,,,,https://www.airbnb.co.id/rooms/34100635?adults=1&children=0&infants=0&pets=0&wishlist_item_id=11004148255546&source_impression_id=p3_1750362410_P33xsbpnb1PzXOB5&previous_page_section_name=1000,,,,,,,,,,,,
1750362549-6,https://www.airbnb.co.id/wishlists/v/1606481777?view_only_token=00ff9fd0-8fbe-416d-949d-c2a2e39325c6&_set_bev_on_new_domain=1749222555_EANTRkYzY5NzEwZm,,,Vila Luas dengan Kolam Renang & Taman Rimbun di Ungasan,"Kecamatan Kuta Selatan, Bali, Indonesia",4.58,"4 tamu ·  · 2 kamar tidur ·  · 2 tempat tidur ·  · 2,5 kamar mandi",4.8,4.8,4.8,4.8,4.7,4.8,¥ 33.524,untuk 2 malam,10. Ungasan,,,,,,https://www.airbnb.co.id/rooms/1229969603320245520?adults=1&children=0&infants=0&pets=0&wishlist_item_id=11004155228741&source_impression_id=p3_1750362410_P3HKOEtnbGtabhNa&previous_page_section_name=1000,,,,,,,,,,,,
1750362569-7,https://www.airbnb.co.id/wishlists/v/1606481777?view_only_token=00ff9fd0-8fbe-416d-949d-c2a2e39325c6&_set_bev_on_new_domain=1749222555_EANTRkYzY5NzEwZm,,,Grand Villa Retreat w/ Pool & Garden di Ungasan,"Kecamatan Kuta Selatan, Bali, Indonesia",4.74,4 tamu ·  · 2 kamar tidur ·  · 2 tempat tidur ·  · 2 kamar mandi,4.7,4.8,4.9,4.7,4.6,4.7,¥ 42.030,untuk 2 malam,10. Ungasan,,,,,,https://www.airbnb.co.id/rooms/1229763427554175376?adults=1&children=0&infants=0&pets=0&wishlist_item_id=11004155229006&source_impression_id=p3_1750362410_P3lDaJ6jZwm_6uwj&previous_page_section_name=1000,,,,,,,,,,,,
1750362589-8,https://www.airbnb.co.id/wishlists/v/1606481777?view_only_token=00ff9fd0-8fbe-416d-949d-c2a2e39325c6&_set_bev_on_new_domain=1749222555_EANTRkYzY5NzEwZm,,,Penginapan Grup Ungasan Placid: 9 menit ke Pantai Melasti,"Ungasan, Bali, Indonesia",4.79,"6 tamu ·  · 3 kamar tidur ·  · 3 tempat tidur ·  · 3,5 kamar mandi",4.7,4.8,4.8,4.8,4.1,4.8,¥ 41.648,untuk 2 malam,10. Ungasan,,,,,,https://www.airbnb.co.id/rooms/54131606?adults=1&children=0&infants=0&pets=0&wishlist_item_id=11004387941895&source_impression_id=p3_1750362410_P3aC6J2o-JyyE1AN&previous_page_section_name=1000,,,,,,,,,,,,
1750362609-9,https://www.airbnb.co.id/wishlists/v/1606481777?view_only_token=00ff9fd0-8fbe-416d-949d-c2a2e39325c6&_set_bev_on_new_domain=1749222555_EANTRkYzY5NzEwZm,,,Liburan Tenang dengan Pemandangan Kolam Renang yang Menakjubkan untuk Grup,"Badung Regency, Bali, Indonesia",4.8,8 tamu ·  · 4 kamar tidur ·  · 4 tempat tidur ·  · 3 kamar mandi,4.7,4.8,4.8,4.7,4.4,4.8,¥ 59.572,untuk 2 malam,10. Ungasan,,,,,,https://www.airbnb.co.id/rooms/47126532?adults=1&children=0&infants=0&pets=0&wishlist_item_id=11004387942526&source_impression_id=p3_1750362410_P3SK7el6ZhF2_b0p&previous_page_section_name=1000,,,,,,,,,,,,
1750362629-10,https://www.airbnb.co.id/wishlists/v/1606481777?view_only_token=00ff9fd0-8fbe-416d-949d-c2a2e39325c6&_set_bev_on_new_domain=1749222555_EANTRkYzY5NzEwZm,,,Vila Keluarga Elegan di Ungasan dengan Kolam Renang Pribadi,"Kecamatan Kuta Selatan, Bali, Indonesia",4.67,"6 tamu ·  · 3 kamar tidur ·  · 3 tempat tidur ·  · 3,5 kamar mandi",4.4,4.7,4.8,4.7,4.3,4.6,¥ 31.814,untuk 1 malam,10. Ungasan,,,,,,https://www.airbnb.co.id/rooms/1199588416513811500?adults=1&children=0&infants=0&pets=0&wishlist_item_id=11004387943753&source_impression_id=p3_1750362410_P3s-Y-R-sAvGJrEc&previous_page_section_name=1000,,,,,,,,,,,,
1750362649-11,https://www.airbnb.co.id/wishlists/v/1606481777?view_only_token=00ff9fd0-8fbe-416d-949d-c2a2e39325c6&_set_bev_on_new_domain=1749222555_EANTRkYzY5NzEwZm,,,Vila Kayu Bali Autentik dengan Kolam Renang di Ungasan,"Kecamatan Kuta Selatan, Bali, Indonesia",4.87,12 tamu ·  · 6 kamar tidur ·  · 6 tempat tidur ·  · 6 kamar mandi,4.9,4.9,4.9,4.9,4.5,4.9,¥ 38.581,untuk 1 malam,10. Ungasan,,,,,,https://www.airbnb.co.id/rooms/1093049842342984141?adults=1&children=0&infants=0&pets=0&wishlist_item_id=11004387949404&source_impression_id=p3_1750362410_P3nWpqxaBCODfUsr&previous_page_section_name=1000,,,,,,,,,,,,
1750362669-12,https://www.airbnb.co.id/wishlists/v/1606481777?view_only_token=00ff9fd0-8fbe-416d-949d-c2a2e39325c6&_set_bev_on_new_domain=1749222555_EANTRkYzY5NzEwZm,,,Vila Tropis di Pantai Ungasan dengan Kolam Renang,"Kecamatan Kuta Selatan, Bali, Indonesia",4.86,"4 tamu ·  · 2 kamar tidur ·  · 2 tempat tidur ·  · 2,5 kamar mandi",4.9,4.8,4.8,4.8,4.5,4.8,¥ 35.672,untuk 2 malam,10. Ungasan,,,,,,https://www.airbnb.co.id/rooms/958337951790732335?adults=1&children=0&infants=0&pets=0&wishlist_item_id=11004387949994&source_impression_id=p3_1750362410_P3THNBcwBq0Sltla&previous_page_section_name=1000,,,,,,,,,,,,
1750362689-13,https://www.airbnb.co.id/wishlists/v/1606481777?view_only_token=00ff9fd0-8fbe-416d-949d-c2a2e39325c6&_set_bev_on_new_domain=1749222555_EANTRkYzY5NzEwZm,,,Berkumpul & Bersantai: Villa 2BR dengan Kolam Renang Dekat GWK Park,"Kecamatan Kuta Selatan, Bali, Indonesia",4.7,"4 tamu ·  · 2 kamar tidur ·  · 2 tempat tidur ·  · 2,5 kamar mandi",4.5,4.7,4.9,4.8,4.4,4.6,¥ 12.101,untuk 1 malam,10. Ungasan,,,,,,https://www.airbnb.co.id/rooms/1150454023192456934?adults=1&children=0&infants=0&pets=0&wishlist_item_id=11004387952664&source_impression_id=p3_1750362410_P3ArJarbxo51fuaT&previous_page_section_name=1000,,,,,,,,,,,,
1750362709-14,https://www.airbnb.co.id/wishlists/v/1606481777?view_only_token=00ff9fd0-8fbe-416d-949d-c2a2e39325c6&_set_bev_on_new_domain=1749222555_EANTRkYzY5NzEwZm,,,Bersantai di Ungasan Pool Villa Dekat Atraksi Bali,"Kecamatan Kuta Selatan, Bali, Indonesia",4.8,4 tamu ·  · 2 kamar tidur ·  · 2 tempat tidur ·  · 2 kamar mandi,4.8,5.0,4.8,4.8,4.4,4.9,¥ 59.494,untuk 2 malam,10. Ungasan,,,,,,https://www.airbnb.co.id/rooms/1238113021006503793?adults=1&children=0&infants=0&pets=0&wishlist_item_id=11004387954030&source_impression_id=p3_1750362410_P3vyYSI8cPYopPVu&previous_page_section_name=1000,,,,,,,,,,,,
1750362729-15,https://www.airbnb.co.id/wishlists/v/1606481777?view_only_token=00ff9fd0-8fbe-416d-949d-c2a2e39325c6&_set_bev_on_new_domain=1749222555_EANTRkYzY5NzEwZm,,,Vila Voguish dengan Kolam Renang Pribadi Dekat Pantai Melasti,"Kecamatan Kuta Selatan, Bali, Indonesia",4.73,"4 tamu ·  · 2 kamar tidur ·  · 2 tempat tidur ·  · 2,5 kamar mandi",4.7,5.0,4.5,4.6,4.7,4.6,¥ 74.367,untuk 2 malam,10. Ungasan,,,,,,https://www.airbnb.co.id/rooms/1358447199458033698?adults=1&children=0&infants=0&pets=0&wishlist_item_id=11004571250804&source_impression_id=p3_1750362410_P3_1SBsbRAMqIaeL&previous_page_section_name=1000,,,,,,,,,,,,
1750362749-16,https://www.airbnb.co.id/wishlists/v/1606481777?view_only_token=00ff9fd0-8fbe-416d-949d-c2a2e39325c6&_set_bev_on_new_domain=1749222555_EANTRkYzY5NzEwZm,,,Vila Tropis Modern yang Luas di Ungasan dengan Kolam Renang,"Kecamatan Kuta Selatan, Bali, Indonesia",5.0,8 tamu ·  · 4 kamar tidur ·  · 4 tempat tidur ·  · 4 kamar mandi,5.0,5.0,4.9,5.0,4.9,4.9,¥ 35.754,untuk 2 malam,10. Ungasan,,,,,,https://www.airbnb.co.id/rooms/1369265332136406675?adults=1&children=0&infants=0&pets=0&wishlist_item_id=11004668742269&source_impression_id=p3_1750362410_P3gTT7ylXikvRMM_&previous_page_section_name=1000,,,,,,,,,,,,
1750362769-17,https://www.airbnb.co.id/wishlists/v/1606481777?view_only_token=00ff9fd0-8fbe-416d-949d-c2a2e39325c6&_set_bev_on_new_domain=1749222555_EANTRkYzY5NzEwZm,,,Penginapan Ungasan Eksklusif dengan Sunrise & Ocean View,"Kecamatan Kuta Selatan, Bali, Indonesia","4,86",2 tamu ·  · 1 kamar tidur ·  · 1 tempat tidur ·  · 1 kamar mandi pribadi,4.9,4.8,4.9,4.9,4.7,4.9,¥ 7.108,untuk 1 malam,10. Ungasan,,,,,,https://www.airbnb.co.id/rooms/1312814022104776129?adults=1&children=0&infants=0&pets=0&wishlist_item_id=11004856505999&source_impression_id=p3_1750362410_P3Ho7VvkvvM11bsT&previous_page_section_name=1000,,,,,,,,,,,,
1750365043-1,https://id.airbnb.com/wishlists/v/1629455077?view_only_token=2f64c92a-9c98-4b45-bf55-a08d625d0bfb,,,Majestic A - Frames Kintamani Lodge for Small Groups,"Kecamatan Kintamani, Bali, Indonesia",5.0,2 kamar tidur ·  · 4 tempat tidur single ·  · Kamar mandi pribadi di kamar,4.8,4.9,5.0,5.0,5.0,5.0,¥ 12.008,untuk 1 malam,7. Sidemendankintamani,,,,,,,,https://id.airbnb.com/rooms/1047613650303893053?adults=1&children=0&infants=0&pets=0&wishlist_item_id=11004177489243&source_impression_id=p3_1750365005_P3kcEE0UqINcdsg1&previous_page_section_name=1000,,,,,,,,,,
1750365063-2,https://id.airbnb.com/wishlists/v/1629455077?view_only_token=2f64c92a-9c98-4b45-bf55-a08d625d0bfb,,,Penginapan A - Frame Terpencil dengan Pemandangan Gunung Kintamani,"Kecamatan Kintamani, Bali, Indonesia",4.56,2 tempat tidur single ·  · Kamar mandi pribadi di kamar,4.6,4.7,4.5,4.8,4.6,4.5,¥ 5.751,untuk 1 malam,7. Sidemendankintamani,,,,,,,,https://id.airbnb.com/rooms/737150247907711185?adults=1&children=0&infants=0&pets=0&wishlist_item_id=11004177489597&source_impression_id=p3_1750365005_P3CU8K0yNt1Gp79s&previous_page_section_name=1000,,,,,,,,,,
1750365083-3,https://id.airbnb.com/wishlists/v/1629455077?view_only_token=2f64c92a-9c98-4b45-bf55-a08d625d0bfb,,,Glamping Grup Alam dengan Pemandangan Panorama,"Kecamatan Kintamani, Bali, Indonesia",4.79,6 tamu ·  · 3 kamar tidur ·  · 3 tempat tidur ·  · 3 kamar mandi,4.7,4.8,4.5,4.8,4.5,4.7,¥ 12.858,untuk 1 malam,7. Sidemendankintamani,,,,,,,,https://id.airbnb.com/rooms/710398941471926311?adults=1&children=0&infants=0&pets=0&wishlist_item_id=11004177489731&source_impression_id=p3_1750365005_P38VWqNU1Heb9KbW&previous_page_section_name=1000,,,,,,,,,,
1750365103-4,https://id.airbnb.com/wishlists/v/1629455077?view_only_token=2f64c92a-9c98-4b45-bf55-a08d625d0bfb,,,Glamping Kubah Kintamani dengan Pemandangan Gunung yang Indah,"Kecamatan Kintamani, Bali, Indonesia",4.64,2 tamu ·  · 1 kamar tidur ·  · 1 tempat tidur ·  · 1 kamar mandi pribadi,4.6,4.8,4.5,4.8,4.5,4.8,¥ 4.366,untuk 1 malam,7. Sidemendankintamani,,,,,,,,https://id.airbnb.com/rooms/658184239336720135?adults=1&children=0&infants=0&pets=0&wishlist_item_id=11004177489862&source_impression_id=p3_1750365005_P3EfqhTMwuc9vcXZ&previous_page_section_name=1000,,,,,,,,,,
1750282366-1,https://id.airbnb.com/wishlists/v/1629445841?view_only_token=e55839f5-0dce-4100-8189-57ac5d3d4621,,,Vila 4BR Tropis Luas dengan Kolam Renang di Uluwatu,"Seluruh rumah di Kuta Selatan, Indonesia",4.84,8 tamu ·  · 4 kamar tidur ·  · 6 tempat tidur ·  · 4 kamar mandi,4.8,4.9,4.9,4.9,4.8,4.8,¥ 90.269,untuk 2 malam,9. Uluwatu,,,,,,,,,,https://id.airbnb.com/rooms/42885147?adults=1&children=0&infants=0&pets=0&wishlist_item_id=11004177433501&source_impression_id=p3_1750282336_P3WpT7FC5MN27_ro&previous_page_section_name=1000,,,,,,,,
1750282386-2,https://id.airbnb.com/wishlists/v/1629445841?view_only_token=e55839f5-0dce-4100-8189-57ac5d3d4621,,,Vila Gaya Warisan Budaya untuk Grup Dekat Pura Uluwatu,"Seluruh vila di Kecamatan Kuta Selatan, Indonesia",4.87,4 tamu ·  · 2 kamar tidur ·  · 2 tempat tidur ·  · 2 kamar mandi,4.7,4.9,4.7,4.8,4.7,4.8,¥ 26.599,untuk 1 malam,9. Uluwatu,,,,,,,,,,https://id.airbnb.com/rooms/1237430174518661022?adults=1&children=0&infants=0&pets=0&wishlist_item_id=11004212903623&source_impression_id=p3_1750282336_P3O1ioC1k9BWpAGG&previous_page_section_name=1000,,,,,,,,
1750282406-3,https://id.airbnb.com/wishlists/v/1629445841?view_only_token=e55839f5-0dce-4100-8189-57ac5d3d4621,,,Vila Akrab Pasangan dengan Kolam Renang di Uluwatu,"Seluruh vila di Kecamatan Kuta Selatan, Indonesia",4.69,2 tamu ·  · 1 kamar tidur ·  · 1 tempat tidur ·  · 1 kamar mandi,4.7,4.8,4.8,4.8,4.5,4.7,¥ 18.277,untuk 1 malam,9. Uluwatu,,,,,,,,,,https://id.airbnb.com/rooms/1187221825440375437?adults=1&children=0&infants=0&pets=0&wishlist_item_id=11004212903675&source_impression_id=p3_1750282336_P36tK9QmlNmhC2br&previous_page_section_name=1000,,,,,,,,
1750282426-4,https://id.airbnb.com/wishlists/v/1629445841?view_only_token=e55839f5-0dce-4100-8189-57ac5d3d4621,,,Vila Boho Keluarga Terpencil Dekat Pantai Nyang Nyang,"Seluruh vila di Kecamatan Kuta Selatan, Indonesia",4.55,4 tamu ·  · 2 kamar tidur ·  · 2 tempat tidur ·  · 2 kamar mandi,4.7,4.7,4.6,4.6,4.2,4.5,¥ 64.233,untuk 2 malam,9. Uluwatu,,,,,,,,,,https://id.airbnb.com/rooms/1287975372353817564?adults=1&children=0&infants=0&pets=0&wishlist_item_id=11004212904814&source_impression_id=p3_1750282336_P3luH-k-Km-obpX-&previous_page_section_name=1000,,,,,,,,
1750282446-5,https://id.airbnb.com/wishlists/v/1629445841?view_only_token=e55839f5-0dce-4100-8189-57ac5d3d4621,,,Vila Grup Luas Dekat Tempat Berselancar Uluwatu,"Seluruh rumah di Kuta Selatan, Indonesia",4.75,6 tamu ·  · 3 kamar tidur ·  · 3 tempat tidur ·  · 3 kamar mandi,4.7,4.8,4.8,4.8,4.7,4.7,¥ 66.930,untuk 2 malam,9. Uluwatu,,,,,,,,,,https://id.airbnb.com/rooms/42794572?adults=1&children=0&infants=0&pets=0&wishlist_item_id=11004212906561&source_impression_id=p3_1750282336_P3a9Z7pXbYLkZ6ec&previous_page_section_name=1000,,,,,,,,
1750282466-6,https://id.airbnb.com/wishlists/v/1629445841?view_only_token=e55839f5-0dce-4100-8189-57ac5d3d4621,,,Penginapan Elegan di Uluwatu dengan Kolam Renang untuk Bersantai,"Kamar pribadi di guesthouse di Kecamatan Kuta Selatan, Indonesia",4.9,2 tamu ·  · 1 kamar tidur ·  · 1 tempat tidur ·  · 1 kamar mandi pribadi,4.9,5.0,4.9,4.9,4.4,4.9,¥ 11.505,untuk 2 malam,9. Uluwatu,,,,,,,,,,https://id.airbnb.com/rooms/1216998165540502477?adults=1&children=0&infants=0&pets=0&wishlist_item_id=11004216694367&source_impression_id=p3_1750282336_P3B4wVyPQpImnMnu&previous_page_section_name=1000,,,,,,,,
1750282486-7,https://id.airbnb.com/wishlists/v/1629445841?view_only_token=e55839f5-0dce-4100-8189-57ac5d3d4621,,,Sunset Magic at Uluwatu's Hidden Rooftop Paradise,"Kamar pribadi di guesthouse di Kecamatan Kuta Selatan, Indonesia",4.67,2 tamu ·  · 1 kamar tidur ·  · 1 tempat tidur ·  · 1 kamar mandi pribadi,5.0,4.9,4.8,4.9,4.7,4.7,¥ 11.980,untuk 1 malam,9. Uluwatu,,,,,,,,,,https://id.airbnb.com/rooms/1230790637766132659?adults=1&children=0&infants=0&pets=0&wishlist_item_id=11004216694710&source_impression_id=p3_1750282336_P3gl5wRkJdX2fnES&previous_page_section_name=1000,,,,,,,,
1750282506-8,https://id.airbnb.com/wishlists/v/1629445841?view_only_token=e55839f5-0dce-4100-8189-57ac5d3d4621,,,Surga Tersembunyi Uluwatu: Lounge & Kolam Renang Atap,"Kamar pribadi di guesthouse di Kecamatan Kuta Selatan, Indonesia",4.95,2 tamu ·  · 1 kamar tidur ·  · 1 tempat tidur ·  · 1 kamar mandi pribadi,5.0,5.0,4.9,4.9,4.7,4.9,¥ 9.146,untuk 1 malam,9. Uluwatu,,,,,,,,,,https://id.airbnb.com/rooms/1217039133569857886?adults=1&children=0&infants=0&pets=0&wishlist_item_id=11004216694882&source_impression_id=p3_1750282336_P36Y2ZKjpGiDSCEt&previous_page_section_name=1000,,,,,,,,
1750282526-9,https://id.airbnb.com/wishlists/v/1629445841?view_only_token=e55839f5-0dce-4100-8189-57ac5d3d4621,,,Ruang Uluwatu yang dipenuhi sinar matahari dengan Kolam Renang Santai,"Kamar pribadi di guesthouse di Kecamatan Kuta Selatan, Indonesia",4.91,2 tamu ·  · 1 kamar tidur ·  · 1 tempat tidur ·  · 1 kamar mandi pribadi,4.9,5.0,4.9,4.9,4.7,4.9,¥ 7.694,untuk 1 malam,9. Uluwatu,,,,,,,,,,https://id.airbnb.com/rooms/1217036253246537818?adults=1&children=0&infants=0&pets=0&wishlist_item_id=11004216694974&source_impression_id=p3_1750282336_P3xXqvCco2uFRfY1&previous_page_section_name=1000,,,,,,,,
1750282546-10,https://id.airbnb.com/wishlists/v/1629445841?view_only_token=e55839f5-0dce-4100-8189-57ac5d3d4621,,,Kamar Bali Autentik Menit dari Pura Uluwatu,"Kamar pribadi di guesthouse di Uluwatu, Indonesia",4.67,2 tamu ·  · 1 kamar tidur ·  · 1 tempat tidur ·  · 1 kamar mandi pribadi,4.7,4.8,4.8,4.7,4.6,4.6,¥ 18.375,untuk 1 malam,9. Uluwatu,,,,,,,,,,https://id.airbnb.com/rooms/15399711?adults=1&children=0&infants=0&pets=0&wishlist_item_id=11004387837961&source_impression_id=p3_1750282336_P3FQfK4nT4VKWlZd&previous_page_section_name=1000,,,,,,,,
1750282566-11,https://id.airbnb.com/wishlists/v/1629445841?view_only_token=e55839f5-0dce-4100-8189-57ac5d3d4621,,,Tucked - Away Retreat Near Uluwatu Temple & Beaches,"Kamar di Kuta Selatan, Indonesia",4.74,2 kamar tidur ·  · 2 tempat tidur king ·  · Kamar mandi pribadi di kamar,4.7,4.7,4.7,4.5,4.1,4.7,¥ 34.372,untuk 2 malam,9. Uluwatu,,,,,,,,,,https://id.airbnb.com/rooms/1306988384794653386?adults=1&children=0&infants=0&pets=0&wishlist_item_id=11004387841883&source_impression_id=p3_1750282336_P3v7kS1zCvyQ328b&previous_page_section_name=1000,,,,,,,,
1750282586-12,https://id.airbnb.com/wishlists/v/1629445841?view_only_token=e55839f5-0dce-4100-8189-57ac5d3d4621,,,"Penginapan Uluwatu Teratas untuk Peselancar, Penggemar Makanan & Relaksasi","Kamar pribadi di guesthouse di Kecamatan Kuta Selatan, Indonesia",4.63,2 tamu ·  · 1 kamar tidur ·  · 2 tempat tidur ·  · 1 kamar mandi pribadi,4.7,4.8,4.8,4.9,4.9,4.7,¥ 12.058,untuk 1 malam,9. Uluwatu,,,,,,,,,,https://id.airbnb.com/rooms/1314942708904991718?adults=1&children=0&infants=0&pets=0&wishlist_item_id=11004444126290&source_impression_id=p3_1750282336_P3DjezuuQOs5TbxB&previous_page_section_name=1000,,,,,,,,
1750282607-13,https://id.airbnb.com/wishlists/v/1629445841?view_only_token=e55839f5-0dce-4100-8189-57ac5d3d4621,,,Sunset Escape in Uluwatu: Near Surf Spots & Cafés,"Kamar pribadi di guesthouse di Kecamatan Kuta Selatan, Indonesia",4.83,2 tamu ·  · 1 kamar tidur ·  · 1 tempat tidur ·  · 1 kamar mandi pribadi,4.8,4.9,4.9,4.9,4.7,4.7,¥ 13.374,untuk 1 malam,9. Uluwatu,,,,,,,,,,https://id.airbnb.com/rooms/1314851519329937359?adults=1&children=0&infants=0&pets=0&wishlist_item_id=11004444127606&source_impression_id=p3_1750282336_P3DOjO9OZm4g2719&previous_page_section_name=1000,,,,,,,,
1750282627-14,https://id.airbnb.com/wishlists/v/1629445841?view_only_token=e55839f5-0dce-4100-8189-57ac5d3d4621,,,Penginapan Uluwatu di Dekat Pantai Thomas – Permata Tersembunyi Sejati,"Kamar pribadi di guesthouse di Kecamatan Kuta Selatan, Indonesia",4.81,2 tamu ·  · 1 kamar tidur ·  · 1 tempat tidur ·  · 1 kamar mandi pribadi,5.0,4.9,4.9,4.9,4.8,4.8,¥ 13.558,untuk 1 malam,9. Uluwatu,,,,,,,,,,https://id.airbnb.com/rooms/1278725264876675173?adults=1&children=0&infants=0&pets=0&wishlist_item_id=11004444128722&source_impression_id=p3_1750282336_P3-rFZam57bCU0tv&previous_page_section_name=1000,,,,,,,,
1750282647-15,https://id.airbnb.com/wishlists/v/1629445841?view_only_token=e55839f5-0dce-4100-8189-57ac5d3d4621,,,Liburan Uluwatu Terbaik: 5 Menit Berjalan Kaki ke Pantai Thomas,"Kamar pribadi di guesthouse di Kecamatan Kuta Selatan, Indonesia",4.83,2 tamu ·  · 1 kamar tidur ·  · 1 tempat tidur ·  · 1 kamar mandi pribadi,4.8,4.9,5.0,4.9,4.8,4.8,¥ 13.858,untuk 1 malam,9. Uluwatu,,,,,,,,,,https://id.airbnb.com/rooms/1278706608218916850?adults=1&children=0&infants=0&pets=0&wishlist_item_id=11004444129133&source_impression_id=p3_1750282336_P3BE_xoi0gs0PTtO&previous_page_section_name=1000,,,,,,,,
1750282667-16,https://id.airbnb.com/wishlists/v/1629445841?view_only_token=e55839f5-0dce-4100-8189-57ac5d3d4621,,,"Penginapan Uluwatu Pusat Dekat Pantai, Kafe & Berselancar","Kamar pribadi di guesthouse di Kecamatan Kuta Selatan, Indonesia",4.8,2 tamu ·  · 1 kamar tidur ·  · 1 tempat tidur ·  · 1 kamar mandi pribadi,4.9,4.9,4.7,4.9,4.7,4.8,¥ 8.550,untuk 1 malam,9. Uluwatu,,,,,,,,,,https://id.airbnb.com/rooms/1278679994851184014?adults=1&children=0&infants=0&pets=0&wishlist_item_id=11004444129527&check_in=2026-02-02&check_out=2026-02-03&source_impression_id=p3_1750282336_P3mRRF5sCstXva0U&previous_page_section_name=1000,,,,,,,,
1750282687-17,https://id.airbnb.com/wishlists/v/1629445841?view_only_token=e55839f5-0dce-4100-8189-57ac5d3d4621,,,Liburan Impian Baru dengan Kolam Renang di Dekat Pura Uluwatu,"Seluruh vila di Kuta Selatan, Indonesia",4.8,4 tamu ·  · 2 kamar tidur ·  · 2 tempat tidur ·  · 2 kamar mandi,5.0,4.8,4.8,4.8,4.6,4.8,¥ 64.694,untuk 2 malam,9. Uluwatu,,,,,,,,,,https://id.airbnb.com/rooms/1409841882865504736?adults=1&children=0&infants=0&pets=0&wishlist_item_id=11004963946608&source_impression_id=p3_1750282336_P3KG3me44UTK1LfZ&previous_page_section_name=1000,,,,,,,,
1750284369-1,https://id.airbnb.com/wishlists/v/1636255051?view_only_token=203ab70e-6ad4-43c2-821b-71688bc08b3d,,,Liburan Matahari Terbenam di Atap untuk Keluarga di Pererenan,"Kecamatan Mengwi, Bali, Indonesia",4.71,"6 tamu ·  · 3 kamar tidur ·  · 3 tempat tidur ·  · 2,5 kamar mandi",4.7,4.8,4.8,4.8,4.5,4.8,¥ 19.113,untuk 1 malam,5. Pererenan,,,,,,,,,,,,https://id.airbnb.com/rooms/1129250696000518878?adults=1&children=0&infants=0&pets=0&wishlist_item_id=11004216715875&source_impression_id=p3_1750284330_P3tY7lWfHvIPQN43&previous_page_section_name=1000,,,,,,
1750284389-2,https://id.airbnb.com/wishlists/v/1636255051?view_only_token=203ab70e-6ad4-43c2-821b-71688bc08b3d,,,Vila Mezzanine yang Indah di Sawah Pererenan,"Kecamatan Mengwi, Bali, Indonesia",4.63,2 tamu ·  · 1 kamar tidur ·  · 1 tempat tidur ·  · 1 kamar mandi,4.8,4.8,4.8,4.6,4.7,4.7,¥ 21.018,untuk 2 malam,5. Pererenan,,,,,,,,,,,,https://id.airbnb.com/rooms/1330817027279969015?adults=1&children=0&infants=0&pets=0&wishlist_item_id=11004466321451&source_impression_id=p3_1750284330_P3aYPgXcKxUYF5E9&previous_page_section_name=1000,,,,,,
1750283883-1,https://www.airbnb.co.id/wishlists/v/1606479914?view_only_token=20786307-2eda-4ef8-a808-4a446eef444e&_set_bev_on_new_domain=1749222555_EANTRkYzY5NzEwZm,,,Vila Luxe Dekat Seminyak dengan Kolam Renang Air Laut Pribadi,"Kecamatan Kuta Utara, Bali, Indonesia",4.89,6 tamu ·  · 3 kamar tidur ·  · 3 tempat tidur ·  · 3 kamar mandi,4.9,5.0,5.0,4.9,4.6,4.9,¥ 22.903,untuk 1 malam,6. Seminyak,,,,,,,,,,,,,,https://www.airbnb.co.id/rooms/918743380374183904?adults=1&children=0&infants=0&pets=0&wishlist_item_id=11004044522105&source_impression_id=p3_1750283845_P3Ml2VI4588sv0j0&previous_page_section_name=1000,,,,
1750283903-2,https://www.airbnb.co.id/wishlists/v/1606479914?view_only_token=20786307-2eda-4ef8-a808-4a446eef444e&_set_bev_on_new_domain=1749222555_EANTRkYzY5NzEwZm,,,Refined Luxury Villa Near Seminyak w/ Sports Court,"Kecamatan Kuta Utara, Bali, Indonesia",4.88,6 tamu ·  · 3 kamar tidur ·  · 3 tempat tidur ·  · 3 kamar mandi,4.9,4.9,4.8,4.8,4.6,4.8,¥ 96.041,untuk 2 malam,6. Seminyak,,,,,,,,,,,,,,https://www.airbnb.co.id/rooms/1027772232491996045?adults=1&children=0&infants=0&pets=0&wishlist_item_id=11004044522274&source_impression_id=p3_1750283845_P37MmktzetJ9jgxv&previous_page_section_name=1000,,,,
1750283923-3,https://www.airbnb.co.id/wishlists/v/1606479914?view_only_token=20786307-2eda-4ef8-a808-4a446eef444e&_set_bev_on_new_domain=1749222555_EANTRkYzY5NzEwZm,,,Vila Bergaya untuk Rombongan di Dekat Tempat Populer Seminyak,"Kecamatan Kuta Utara, Bali, Indonesia",4.88,4 tamu ·  · 2 kamar tidur ·  · 2 tempat tidur ·  · 2 kamar mandi,4.8,4.9,5.0,4.8,4.9,4.8,¥ 53.742,untuk 2 malam,6. Seminyak,,,,,,,,,,,,,,https://www.airbnb.co.id/rooms/1286692640967698512?adults=1&children=0&infants=0&pets=0&wishlist_item_id=11004216710233&source_impression_id=p3_1750283845_P3qgEwGmO4TSpnWZ&previous_page_section_name=1000,,,,
1750474487-1,https://www.airbnb.co.id/wishlists/v/1606465213?view_only_token=bee6758a-13c5-4874-8c91-5d16f258024f&_set_bev_on_new_domain=1749222555_EANTRkYzY5NzEwZm,,,Placid Nature Haven dengan Kolam Pribadi | Ubud Tengah,"Ubud, Bali, Indonesia",4.52 ,6 tamu ·  · 3 kamar tidur ·  · 3 tempat tidur ·  · 3 kamar mandi,4.4,4.6,4.7,4.7,4.4,4.6,¥ 16.426,untuk 1 malam,8. Ubud,,,,,,,,,,,,,,,,https://www.airbnb.co.id/rooms/38985087?adults=1&children=0&infants=0&pets=0&wishlist_item_id=11004044430811&source_impression_id=p3_1750474449_P3rlk_hdwUcY1IfV&previous_page_section_name=1000,,
1750474508-2,https://www.airbnb.co.id/wishlists/v/1606465213?view_only_token=bee6758a-13c5-4874-8c91-5d16f258024f&_set_bev_on_new_domain=1749222555_EANTRkYzY5NzEwZm,,,Penginapan Ubud Dengan Kolam Renang Infinity & Pemandangan Hutan yang Rimbun,"Ubud, Bali, Indonesia",4.88 ,4 tamu ·  · 2 kamar tidur ·  · 2 tempat tidur ·  · 2 kamar mandi,4.9,4.9,4.8,4.9,4.7,4.8,¥ 45.923,untuk 2 malam,8. Ubud,,,,,,,,,,,,,,,,https://www.airbnb.co.id/rooms/950310466851839780?adults=1&children=0&infants=0&pets=0&wishlist_item_id=11004044431054&source_impression_id=p3_1750474449_P3jhBCex32YtOpwv&previous_page_section_name=1000,,
1750474528-3,https://www.airbnb.co.id/wishlists/v/1606465213?view_only_token=bee6758a-13c5-4874-8c91-5d16f258024f&_set_bev_on_new_domain=1749222555_EANTRkYzY5NzEwZm,,,Ubud's Escape: Modern Villa w/Jungle - View Hot Tub,"Ubud, Bali, Indonesia",4.0 ,4 tamu ·  · 2 kamar tidur ·  · 2 tempat tidur ·  · 2 kamar mandi,4.0,5.0,4.3,5.0,3.7,4.3,,tidak tersedia,8. Ubud,,,,,,,,,,,,,,,,https://www.airbnb.co.id/rooms/1172112676585802971?adults=1&children=0&infants=0&pets=0&wishlist_item_id=11004044433891&source_impression_id=p3_1750474449_P3Ce0bwMpDzhSACy&previous_page_section_name=1000,,
1750474548-4,https://www.airbnb.co.id/wishlists/v/1606465213?view_only_token=bee6758a-13c5-4874-8c91-5d16f258024f&_set_bev_on_new_domain=1749222555_EANTRkYzY5NzEwZm,,,Ubud Jungle Oasis: Bak Mandi Air Panas Pribadi untuk Bersantai.,"Ubud, Bali, Indonesia",4.52 ,1 tempat tidur queen ·  · Kamar mandi pribadi di kamar,4.3,4.6,4.8,4.6,4.5,4.6,,tidak tersedia,8. Ubud,,,,,,,,,,,,,,,,https://www.airbnb.co.id/rooms/1172005532786900073?adults=1&children=0&infants=0&pets=0&wishlist_item_id=11004044434249&source_impression_id=p3_1750474449_P3ISEDLA_IgTVIiA&previous_page_section_name=1000,,
1750474568-5,https://www.airbnb.co.id/wishlists/v/1606465213?view_only_token=bee6758a-13c5-4874-8c91-5d16f258024f&_set_bev_on_new_domain=1749222555_EANTRkYzY5NzEwZm,,,Whispering Woods Villa: Liburan Damai dengan Kolam Renang,"Ubud, Bali, Indonesia",4.53 ,2 tamu ·  · 1 kamar tidur ·  · 1 tempat tidur ·  · 1 kamar mandi,4.5,4.5,4.6,4.9,4.4,4.6,¥ 8.841,untuk 1 malam,8. Ubud,,,,,,,,,,,,,,,,https://www.airbnb.co.id/rooms/1161202980938286130?adults=1&children=0&infants=0&pets=0&wishlist_item_id=11004044435208&source_impression_id=p3_1750474449_P3xLEN8JqSIWwsQZ&previous_page_section_name=1000,,
1750474588-6,https://www.airbnb.co.id/wishlists/v/1606465213?view_only_token=bee6758a-13c5-4874-8c91-5d16f258024f&_set_bev_on_new_domain=1749222555_EANTRkYzY5NzEwZm,,,Liburan Alam Pribadi Ubud dengan Pemandangan Hutan,"Ubud, Bali, Indonesia",4.83 ,2 tamu ·  · 1 kamar tidur ·  · 1 tempat tidur ·  · 1 kamar mandi,4.7,4.8,4.8,4.9,4.6,4.9,¥ 12.228,untuk 1 malam,8. Ubud,,,,,,,,,,,,,,,,https://www.airbnb.co.id/rooms/1052669853439193132?adults=1&children=0&infants=0&pets=0&wishlist_item_id=11004044435388&source_impression_id=p3_1750474449_P3wajwXfnHejMQDu&previous_page_section_name=1000,,
1750474608-7,https://www.airbnb.co.id/wishlists/v/1606465213?view_only_token=bee6758a-13c5-4874-8c91-5d16f258024f&_set_bev_on_new_domain=1749222555_EANTRkYzY5NzEwZm,,,Vila Tenang dengan Kolam Renang Pribadi di Ubud Lush Embrace,"Kabupaten Gianyar, Bali, Indonesia",4.87 ,4 tamu ·  · 2 kamar tidur ·  · 2 tempat tidur ·  · 2 kamar mandi,4.9,4.8,4.8,4.8,4.6,4.8,¥ 32.769,untuk 2 malam,8. Ubud,,,,,,,,,,,,,,,,https://www.airbnb.co.id/rooms/1067878902311551350?adults=1&children=0&infants=0&pets=0&wishlist_item_id=11004044435979&source_impression_id=p3_1750474449_P3bOdAJGQRGLU547&previous_page_section_name=1000,,
1750474628-8,https://www.airbnb.co.id/wishlists/v/1606465213?view_only_token=bee6758a-13c5-4874-8c91-5d16f258024f&_set_bev_on_new_domain=1749222555_EANTRkYzY5NzEwZm,,,Vila Kolam Renang Pribadi di Emerald Paradise Ubud,"Kabupaten Gianyar, Bali, Indonesia",4.78 ,2 tamu ·  · 1 kamar tidur ·  · 1 tempat tidur ·  · 1 kamar mandi,4.8,4.8,4.7,4.8,4.5,4.7,¥ 13.380,untuk 1 malam,8. Ubud,,,,,,,,,,,,,,,,https://www.airbnb.co.id/rooms/1067747914466278335?adults=1&children=0&infants=0&pets=0&wishlist_item_id=11004044443061&source_impression_id=p3_1750474449_P38AFwqZYf0iCo_c&previous_page_section_name=1000,,
1750474648-9,https://www.airbnb.co.id/wishlists/v/1606465213?view_only_token=bee6758a-13c5-4874-8c91-5d16f258024f&_set_bev_on_new_domain=1749222555_EANTRkYzY5NzEwZm,,,Liburan Pasangan di Sawah Ubud yang Menakjubkan,"Kecamatan Tegallalang, Bali, Indonesia",4.94 ,"2 tamu ·  · 1 kamar tidur ·  · 1 tempat tidur ·  · 1,5 kamar mandi",4.9,4.9,4.8,4.8,4.7,4.8,¥ 40.392,untuk 2 malam,8. Ubud,,,,,,,,,,,,,,,,https://www.airbnb.co.id/rooms/1235989579621843460?adults=1&children=0&infants=0&pets=0&wishlist_item_id=11004044453060&source_impression_id=p3_1750474449_P3JoaW2tWHCK7uZe&previous_page_section_name=1000,,
1750474668-10,https://www.airbnb.co.id/wishlists/v/1606465213?view_only_token=bee6758a-13c5-4874-8c91-5d16f258024f&_set_bev_on_new_domain=1749222555_EANTRkYzY5NzEwZm,,,Harmonious Ubud Retreat Poolside Villa for Couples,"Kecamatan Ubud, Bali, Indonesia",4.88 ,2 tamu ·  · 1 kamar tidur ·  · 1 tempat tidur ·  · 2 kamar mandi,5.0,4.9,4.9,4.9,4.5,4.9,¥ 32.839,untuk 2 malam,8. Ubud,,,,,,,,,,,,,,,,https://www.airbnb.co.id/rooms/1320042662255771332?adults=1&children=0&infants=0&pets=0&wishlist_item_id=11004387904096&source_impression_id=p3_1750474449_P31fp50HkrRWup38&previous_page_section_name=1000,,
1750474688-11,https://www.airbnb.co.id/wishlists/v/1606465213?view_only_token=bee6758a-13c5-4874-8c91-5d16f258024f&_set_bev_on_new_domain=1749222555_EANTRkYzY5NzEwZm,,,Blissful Ubud Pool Room w/ Leafy Garden Scenery,"Kecamatan Ubud, Bali, Indonesia",4.83 ,2 tamu ·  · 1 kamar tidur ·  · 1 tempat tidur ·  · 1 kamar mandi pribadi,4.7,4.8,4.8,4.8,4.8,4.8,¥ 6.466,untuk 1 malam,8. Ubud,,,,,,,,,,,,,,,,https://www.airbnb.co.id/rooms/41775986?adults=1&children=0&infants=0&pets=0&wishlist_item_id=11004387906936&source_impression_id=p3_1750474449_P3_GjsyeW9zjLdMe&previous_page_section_name=1000,,
1750474708-12,https://www.airbnb.co.id/wishlists/v/1606465213?view_only_token=bee6758a-13c5-4874-8c91-5d16f258024f&_set_bev_on_new_domain=1749222555_EANTRkYzY5NzEwZm,,,Vila Bali di Surga Keluarga Ubud dengan Kolam Renang,"Kecamatan Ubud, Bali, Indonesia",Baru,6 tamu ·  · 3 kamar tidur ·  · 3 tempat tidur ·  · 3 kamar mandi,0.0,0.0,0.0,0.0,0.0,0.0,¥ 17.703,untuk 1 malam,8. Ubud,,,,,,,,,,,,,,,,https://www.airbnb.co.id/rooms/1299631161288662577?adults=1&children=0&infants=0&pets=0&wishlist_item_id=11004387908905&source_impression_id=p3_1750474449_P3y8fFnlqsUdIS0z&previous_page_section_name=1000,,
1750474728-13,https://www.airbnb.co.id/wishlists/v/1606465213?view_only_token=bee6758a-13c5-4874-8c91-5d16f258024f&_set_bev_on_new_domain=1749222555_EANTRkYzY5NzEwZm,,,Penginapan Tepi Kolam Ubud Autentik di Antara Sawah,"Kecamatan Tegallalang, Bali, Indonesia",4.92 ,2 tamu ·  · 1 kamar tidur ·  · 1 tempat tidur ·  · 1 kamar mandi,4.8,4.9,4.8,4.8,4.8,4.8,¥ 32.174,untuk 2 malam,8. Ubud,,,,,,,,,,,,,,,,https://www.airbnb.co.id/rooms/1319266732691584961?adults=1&children=0&infants=0&pets=0&wishlist_item_id=11004387909921&source_impression_id=p3_1750474449_P3kmTfd0Xta5NnHB&previous_page_section_name=1000,,
1750474748-14,https://www.airbnb.co.id/wishlists/v/1606465213?view_only_token=bee6758a-13c5-4874-8c91-5d16f258024f&_set_bev_on_new_domain=1749222555_EANTRkYzY5NzEwZm,,,Villa Desainer Touches di Ubud dengan Pemandangan Rimba,"Kecamatan Ubud, Bali, Indonesia",5.0 ,8 tamu ·  · 4 kamar tidur ·  · 4 tempat tidur ·  · 4 kamar mandi,5.0,5.0,5.0,4.8,4.8,5.0,¥ 132.534,untuk 2 malam,8. Ubud,,,,,,,,,,,,,,,,https://www.airbnb.co.id/rooms/1338046513545783704?adults=1&children=0&infants=0&pets=0&wishlist_item_id=11004698092981&source_impression_id=p3_1750474449_P3uCNq3kTQiKSQuo&previous_page_section_name=1000,,
1750361407-1,https://id.airbnb.com/wishlists/v/1625612909?view_only_token=496dbc19-0dfe-4d5d-b1c9-3e3c205ead7a,,,Liburan Sempurna untuk Keluarga di Dekat Pantai Pandawa,"Kecamatan Kuta Selatan, Bali, Indonesia",4.75,4 tamu ·  · 2 kamar tidur ·  · 2 tempat tidur ·  · 2 kamar mandi,4.9,4.7,4.6,4.8,4.0,4.7,¥ 32.143,untuk 2 malam,4. Nusadua,,,,,,,,,,,,,,,,,,https://id.airbnb.com/rooms/1214993527674328165?adults=1&children=0&infants=0&pets=0&wishlist_item_id=11004155317129&source_impression_id=p3_1750361369_P3ITfiAk8Q20ii93&previous_page_section_name=1000
1750361428-2,https://id.airbnb.com/wishlists/v/1625612909?view_only_token=496dbc19-0dfe-4d5d-b1c9-3e3c205ead7a,,,Vila Mewah Tepi Laut di Nusa Dua dengan Pantai Pribadi,"Nusa Dua, South Kuta, Bali, Indonesia",4.77,8 tamu ·  · 3 kamar tidur ·  · 3 tempat tidur ·  · 3 kamar mandi,4.7,4.8,4.9,4.8,4.5,4.6,¥ 89.729,untuk 1 malam,4. Nusadua,,,,,,,,,,,,,,,,,,https://id.airbnb.com/rooms/6384209?adults=1&children=0&infants=0&pets=0&wishlist_item_id=11004155318069&source_impression_id=p3_1750361369_P3YLUlefdF9-JJ9s&previous_page_section_name=1000
1750361448-3,https://id.airbnb.com/wishlists/v/1625612909?view_only_token=496dbc19-0dfe-4d5d-b1c9-3e3c205ead7a,,,Ultimate Nusa Dua Seafront Villa dengan Private Beach,"Nusa Dua, Bali, Indonesia",4.84,6 tamu ·  · 3 kamar tidur ·  · 3 tempat tidur ·  · 4 kamar mandi,4.8,4.9,4.9,4.6,4.5,4.8,¥ 159.118,untuk 2 malam,4. Nusadua,,,,,,,,,,,,,,,,,,https://id.airbnb.com/rooms/945876?adults=1&children=0&infants=0&pets=0&wishlist_item_id=11004155318275&source_impression_id=p3_1750361369_P3A2iiTIeviiaUYX&previous_page_section_name=1000
1750361468-4,https://id.airbnb.com/wishlists/v/1625612909?view_only_token=496dbc19-0dfe-4d5d-b1c9-3e3c205ead7a,,,Vila Keluarga Cita Rasa dengan Kolam Renang Dekat Pantai Pandawa,"Kecamatan Kuta Selatan, Bali, Indonesia",4.63,4 tamu ·  · 2 kamar tidur ·  · 2 tempat tidur ·  · 2 kamar mandi,4.7,4.7,4.6,4.7,4.5,4.6,¥ 18.170,untuk 2 malam,4. Nusadua,,,,,,,,,,,,,,,,,,https://id.airbnb.com/rooms/1279317857296504154?adults=1&children=0&infants=0&pets=0&wishlist_item_id=11004177480912&source_impression_id=p3_1750361369_P32Lw2gw-Ygzljlt&previous_page_section_name=1000
1750361488-5,https://id.airbnb.com/wishlists/v/1625612909?view_only_token=496dbc19-0dfe-4d5d-b1c9-3e3c205ead7a,,,Jelajahi Pantai Pandawa Dari Vila Kutuh Ini,"Kecamatan Kuta Selatan, Bali, Indonesia",4.81,4 tamu ·  · 2 kamar tidur ·  · 2 tempat tidur ·  · 2 kamar mandi,4.8,4.8,5.0,4.8,4.6,4.8,¥ 22.585,untuk 2 malam,4. Nusadua,,,,,,,,,,,,,,,,,,https://id.airbnb.com/rooms/1285159365310787875?adults=1&children=0&infants=0&pets=0&wishlist_item_id=11004212914355&source_impression_id=p3_1750361369_P3eANE7lx386Ljev&previous_page_section_name=1000
1750361508-6,https://id.airbnb.com/wishlists/v/1625612909?view_only_token=496dbc19-0dfe-4d5d-b1c9-3e3c205ead7a,,,Vila Kolam Renang Arsitektur Canggih di Nusa Dua,"Kecamatan Kuta Selatan, Bali, Indonesia",4.38,4 tamu ·  · 2 kamar tidur ·  · 2 tempat tidur ·  · 2 kamar mandi,4.4,4.4,4.9,4.2,4.5,4.5,¥ 28.628,untuk 2 malam,4. Nusadua,,,,,,,,,,,,,,,,,,https://id.airbnb.com/rooms/1329311440374329866?adults=1&children=0&infants=0&pets=0&wishlist_item_id=11004387927796&source_impression_id=p3_1750361369_P3CmPtBO8ljowQeL&previous_page_section_name=1000
1750361528-7,https://id.airbnb.com/wishlists/v/1625612909?view_only_token=496dbc19-0dfe-4d5d-b1c9-3e3c205ead7a,,,Kutuh's Quiet Verdant Room Near to Pandawa Beach,"Kecamatan Kuta Selatan, Bali, Indonesia",4.65,2 tamu ·  · 1 kamar tidur ·  · 1 tempat tidur ·  · 1 kamar mandi pribadi,4.7,4.7,4.7,4.7,4.4,4.7,¥ 5.242,untuk 1 malam,4. Nusadua,,,,,,,,,,,,,,,,,,https://id.airbnb.com/rooms/1315681896884337452?adults=1&children=0&infants=0&pets=0&wishlist_item_id=11004387928553&source_impression_id=p3_1750361369_P3PEThRxXeeACk-o&previous_page_section_name=1000
1750361548-8,https://id.airbnb.com/wishlists/v/1625612909?view_only_token=496dbc19-0dfe-4d5d-b1c9-3e3c205ead7a,,,Liburan Indah di Kutuh dengan Kolam Renang Dekat Pantai Pandawa,"Kecamatan Kuta Selatan, Bali, Indonesia",4.81,2 tamu ·  · 1 kamar tidur ·  · 1 tempat tidur ·  · 1 kamar mandi pribadi,5.0,4.9,4.9,4.8,4.3,4.8,¥ 5.925,untuk 1 malam,4. Nusadua,,,,,,,,,,,,,,,,,,https://id.airbnb.com/rooms/1315742755632958428?adults=1&children=0&infants=0&pets=0&wishlist_item_id=11004387929256&source_impression_id=p3_1750361369_P3DjKVMGcSvhwB5f&previous_page_section_name=1000
